{
  "temperature": 1.0,
  "inv_freq_alpha": 0.75,
  "inv_freq_weights": [
    0.9985288392197379,
    1.4066011559126617,
    0.6569089081602316,
    1.0100224269996327,
    1.2509988099053206,
    0.730124327182919,
    1.1153721024719936,
    0.6465375041890012,
    0.7490248455906707,
    0.8418493667609487,
    0.6881542304638323,
    0.6194105427113483,
    2.444977363735491,
    0.6794429142984545,
    0.7528160701839949,
    1.6460885548906126,
    0.6691960089958009,
    1.4328076969585688,
    0.6611383313687814
  ],
  "class_thresholds": {
    "barley": 0.5,
    "castor": 0.4,
    "chickpea": 0.5,
    "cotton": 0.5,
    "finger_millet": 0.45,
    "groundnut": 0.5,
    "linseed": 0.45,
    "maize": 0.5,
    "mustard": 0.5,
    "pearl_millet": 0.5,
    "pigeonpea": 0.5,
    "rice": 0.5,
    "safflower": 0.35,
    "sesamum": 0.5,
    "sorghum": 0.5,
    "soybean": 0.5,
    "sugarcane": 0.5,
    "sunflower": 0.55,
    "wheat": 0.5
  },
  "entropy_threshold": 0.4,
  "dominance_penalty": 0.15,
  "dominance_freq_threshold": 0.25,
  "feature_scaling": {},
  "dominance_rates": {
    "barley": 0.04250697275262819,
    "castor": 0.03837695773439176,
    "chickpea": 0.07428663376957734,
    "cotton": 0.04186333404848745,
    "finger_millet": 0.002252735464492598,
    "groundnut": 0.06452478009010942,
    "linseed": 0.018772795537438318,
    "maize": 0.07586891225059,
    "mustard": 0.04162196953443467,
    "pearl_millet": 0.10362583136665951,
    "pigeonpea": 0.06980798111993135,
    "rice": 0.08034756490023601,
    "safflower": 0.030975112636773224,
    "sesamum": 0.07021025531001931,
    "sorghum": 0.04089787599227634,
    "soybean": 0.011183222484445398,
    "sugarcane": 0.0724629907745119,
    "sunflower": 0.04677107916756061,
    "wheat": 0.0736429950654366
  },
  "dominant_mask": [
    false,
    false,
    false,
    false,
    false,
    false,
    false,
    false,
    false,
    false,
    false,
    false,
    false,
    false,
    false,
    false,
    false,
    false,
    false
  ]
}