{
  "barley": 1.238382278459993,
  "castor": 1.9556814307817376,
  "chickpea": 0.7085572040037814,
  "cotton": 1.2574251582825395,
  "finger_millet": 1.6723701029309532,
  "groundnut": 0.8157648615980354,
  "linseed": 1.4351197921678052,
  "maize": 0.6936560274947331,
  "mustard": 0.8440065867280825,
  "pearl_millet": 0.98631803783866,
  "pigeonpea": 0.7538030788513438,
  "rice": 0.6551581758602817,
  "safflower": 4.0864681224143125,
  "sesamum": 0.7411353156304659,
  "sorghum": 0.8497624229441324,
  "soybean": 2.411706686070014,
  "sugarcane": 0.726256384786557,
  "sunflower": 2.0041116321567256,
  "wheat": 0.714620415398989
}